Temps,Uref,Ug,Uth,Ufil_chauffant
1316.94,2.04620,1.42222,1.867,4.815
1317.94,2.04856,1.43870,1.867,4.815
1318.94,2.04385,1.43399,1.865,4.815
1319.95,2.04620,1.47167,1.865,4.815
1320.95,2.04620,1.51640,1.867,4.815
1321.95,2.04620,1.50699,1.867,4.815
1322.96,2.04620,1.56114,1.865,4.815
1323.96,2.04620,1.49521,1.865,4.815
1324.96,2.04620,1.48815,1.865,4.815
1325.97,2.04620,1.49286,1.867,4.815
1326.97,2.04856,1.49050,1.870,4.815
1327.97,2.04856,1.48108,1.870,4.815
1328.97,2.04856,1.50463,1.867,4.815
1329.98,2.04856,1.47167,1.867,4.815
1330.98,2.04620,1.47167,1.867,4.815
1331.98,2.05562,1.46460,1.865,4.815
1332.99,2.04620,1.46225,1.867,4.815
1333.99,2.04620,1.51876,1.867,4.815
1334.99,2.04620,1.53053,1.867,4.815
1336.00,2.04856,1.52582,1.867,4.815
1337.00,2.05091,1.50228,1.870,4.815
1338.00,2.04856,1.50228,1.870,4.815
1339.01,2.05091,1.52582,1.870,4.815
1340.01,2.04856,1.52111,1.877,4.815
1341.01,2.04856,1.53053,1.870,4.815
1342.01,2.04856,1.51170,1.870,4.815
1343.02,2.04856,1.51170,1.872,4.815
1344.02,2.05091,1.51640,1.870,4.813
1345.02,2.05327,1.51640,1.872,4.815
1346.03,2.05091,1.50934,1.872,4.815
1347.03,2.05091,1.50699,1.872,4.815
1348.03,2.05327,1.50934,1.872,4.815
1349.04,2.05327,1.50934,1.872,4.813
1350.04,2.05091,1.51405,1.872,4.815
1351.04,2.05327,1.50934,1.874,4.815
1352.04,2.05327,1.50934,1.874,4.815
1353.05,2.05091,1.50699,1.872,4.815
1354.05,2.05327,1.50934,1.872,4.815
1355.05,2.05327,1.50699,1.872,4.815
1356.06,2.05091,1.50463,1.870,4.815
1357.06,2.05091,1.50699,1.870,4.815
1358.06,2.05091,1.50463,1.870,4.815
1359.06,2.04856,1.49992,1.870,4.815
1360.07,2.04856,1.49757,1.867,4.815
1361.07,2.04856,1.49757,1.867,4.815
1362.07,2.04856,1.49286,1.870,4.815
1363.08,2.04856,1.50699,1.870,4.815
1364.08,2.05091,1.46931,1.870,4.815
1365.08,2.04856,1.47167,1.870,4.815
1366.09,2.04856,1.47402,1.867,4.813
1367.09,2.04856,1.45754,1.867,4.815
1368.09,2.04856,1.47167,1.870,4.815
1369.09,2.04856,1.47167,1.870,4.815
1370.10,2.04620,1.45754,1.865,4.813
1371.10,2.04620,1.46696,1.874,4.815
1372.10,2.04620,1.46931,1.867,4.815
