Ug,Ul,Temperature TMP,Temps
2.83502,1.75658,16.68,11
2.83031,1.75894,16.59,12
2.81853,1.76129,16.52,13
2.80205,1.76835,16.44,14
2.79734,1.76364,16.36,15
2.78792,1.76600,16.29,16
2.78086,1.76835,16.22,17
2.76673,1.77071,16.14,18
2.76202,1.77071,16.08,19
2.75496,1.77071,16.01,20
2.74554,1.77306,15.94,21
2.74083,1.77306,15.88,22
2.74083,1.77777,15.80,23
2.72199,1.78013,15.74,24
2.71964,1.77777,15.67,25
2.70787,1.78013,15.61,26
2.70316,1.78013,15.55,27
2.69374,1.78484,15.48,28
2.68196,1.78719,15.42,29
2.67961,1.78719,15.36,30
2.66548,1.78955,15.30,31
2.66077,1.78955,15.24,32
2.65371,1.79190,15.19,33
2.64664,1.79426,15.13,34
2.63723,1.79190,15.07,35
2.63252,1.79426,15.01,36
2.62545,1.79661,14.95,37
2.61839,1.79896,14.89,38
2.61839,1.79896,14.84,39
2.60897,1.79896,14.79,40
2.60426,1.79896,14.73,41
2.59484,1.80367,14.69,42
2.59249,1.80367,14.63,43
2.58542,1.80367,14.59,44
2.58307,1.80367,14.54,45
2.57365,1.80603,14.49,46
2.57129,1.80838,14.45,47
2.56894,1.80838,14.39,48
2.55952,1.80838,14.34,49
2.55481,1.81074,14.29,50
2.54539,1.81309,14.25,51
2.54304,1.81074,14.20,52
2.53833,1.81074,14.15,53
2.53597,1.81309,14.11,54
2.52891,1.81545,14.06,55
2.52185,1.81545,14.02,56
2.51478,1.82251,13.98,57
2.50772,1.81780,13.94,58
2.50536,1.81780,13.90,59
2.50065,1.81780,13.85,60
2.49595,1.82016,13.80,61
2.49124,1.82251,13.77,62
2.48653,1.82251,13.73,63
2.47946,1.82487,13.65,64
2.47475,1.82251,13.60,65
2.47004,1.82487,13.56,66
2.46298,1.82722,13.52,67
2.46063,1.82958,13.50,68
2.45827,1.82722,13.46,69
2.45121,1.82958,13.42,70
2.44650,1.83193,13.38,71
2.44179,1.82958,13.34,72
2.43708,1.83193,13.31,73
2.43001,1.83428,13.27,74
2.42295,1.83428,13.23,75
2.42295,1.83428,13.20,76
2.41589,1.83664,13.16,77
2.41118,1.83664,13.13,78
2.40882,1.83899,13.09,79
2.40882,1.83664,13.06,80
2.40411,1.83899,13.02,81
2.39940,1.83664,12.99,82
2.39705,1.84135,12.96,83
2.38999,1.84135,12.93,84
2.38292,1.84135,12.90,85
2.38057,1.84370,12.86,86
2.37821,1.84370,12.84,87
2.37821,1.84370,12.80,88
2.37350,1.84370,12.77,89
2.36408,1.84606,12.73,90
2.36173,1.84606,12.70,91
2.35467,1.84841,12.67,92
2.34996,1.84841,12.65,93
2.34760,1.84841,12.62,94
2.34525,1.84841,12.59,95
2.34054,1.85312,12.56,96
2.33818,1.85077,12.52,97
2.33112,1.85312,12.50,98
2.33347,1.85077,12.48,99
2.32641,1.85548,12.45,100
2.32641,1.85312,12.43,101
2.31935,1.85548,12.40,102
2.31228,1.85548,12.38,103
2.31228,1.85783,12.34,104
2.31464,1.85548,12.32,105
2.31228,1.85548,12.30,106
2.30757,1.85783,12.26,107
2.30286,1.86019,12.23,108
2.30051,1.85783,12.21,109
2.30051,1.85783,12.19,110
2.29344,1.85783,12.16,111
2.29109,1.86019,12.13,112
2.28403,1.86254,12.12,113
2.28403,1.86254,12.09,114
2.27932,1.86019,12.06,115
2.27696,1.86254,12.04,116
2.27225,1.86254,12.02,117
2.26754,1.86489,12.00,118
2.26754,1.86489,11.98,119
2.26283,1.86489,11.95,120
2.26283,1.86489,11.93,121
2.25812,1.86489,11.90,122
2.25341,1.86489,11.88,123
2.25106,1.86960,11.86,124
2.24871,1.86725,11.84,125
2.24400,1.86960,11.81,126
2.24164,1.86960,11.79,127
2.23693,1.86960,11.77,128
2.23458,1.86960,11.75,129
2.23693,1.87196,11.73,130
2.23929,1.86960,11.70,131
2.23458,1.86725,11.68,132
2.23222,1.86960,11.66,133
2.22751,1.87196,11.64,134
2.22280,1.87431,11.62,135
2.22045,1.87196,11.59,136
2.21809,1.87431,11.58,137
2.21809,1.87431,11.55,138
2.20868,1.87431,11.54,139
2.21103,1.87667,11.52,140
2.20868,1.87431,11.50,141
2.20868,1.87667,11.48,142
2.19926,1.88138,11.46,143
2.19926,1.87667,11.45,144
2.20161,1.87667,11.42,145
2.19455,1.87902,11.41,146
2.18748,1.88138,11.38,147
2.18278,1.88844,11.37,148
2.18513,1.88844,11.35,149
2.18748,1.88138,11.34,150
2.18042,1.88138,11.31,151
2.18042,1.88138,11.30,152
2.17807,1.88138,11.27,153
2.17571,1.88138,11.26,154
2.17336,1.88373,11.23,155
2.17336,1.88138,11.23,156
2.16865,1.88373,11.21,157
2.17100,1.88373,11.19,158
2.16629,1.88373,11.17,159
2.16394,1.88373,11.15,160
2.16158,1.88609,11.13,161
2.16158,1.88138,11.13,162
2.15687,1.88609,11.10,163
2.15452,1.88609,11.09,164
2.15452,1.88609,11.07,165
2.15452,1.88609,11.05,166
2.14981,1.88844,11.04,167
2.14745,1.88609,11.02,168
2.14510,1.88844,11.01,169
2.14275,1.88844,10.98,170
2.14275,1.88844,10.98,171
2.13568,1.89080,10.95,172
2.13804,1.88844,10.93,173
2.12862,1.89551,10.92,174
2.13333,1.89080,10.90,175
2.13097,1.89080,10.89,176
2.12862,1.89315,10.87,177
2.12626,1.89315,10.85,178
2.12391,1.89080,10.84,179
2.12626,1.89080,10.83,180
2.11920,1.89315,10.81,181
2.11920,1.89315,10.80,182
2.11684,1.89080,10.78,183
2.11449,1.89315,10.77,184
2.11213,1.89315,10.76,185
2.10743,1.89551,10.74,186
2.10978,1.89315,10.73,187
2.10743,1.89551,10.71,188
2.10272,1.89551,10.70,189
2.10272,1.89551,10.68,190
2.10507,1.89551,10.67,191
2.09330,1.89786,10.66,192
2.09330,1.89786,10.64,193
2.09094,1.89786,10.63,194
2.08859,1.90022,10.62,195
2.08623,1.89786,10.60,196
2.08859,1.90022,10.59,197
2.08388,1.90022,10.58,198
2.08152,1.90022,10.56,199
2.07917,1.90022,10.55,200
2.07681,1.90022,10.55,201
2.07681,1.90257,10.53,202
2.07681,1.90022,10.51,203
2.07446,1.90022,10.51,204
2.07211,1.90022,10.48,205
2.06740,1.90257,10.48,206
2.06740,1.90022,10.47,207
2.06740,1.90492,10.45,208
2.06269,1.90492,10.45,209
2.06269,1.90257,10.43,210
2.06269,1.90492,10.41,211
2.05562,1.90492,10.41,212
2.05798,1.90963,10.39,213
2.05562,1.90728,10.38,214
2.05562,1.90257,10.38,215
2.04856,1.90728,10.36,216
2.04856,1.90728,10.34,217
2.04856,1.90492,10.33,218
2.04620,1.90492,10.31,219
2.04385,1.90963,10.30,220
2.04149,1.90728,10.29,221
2.03679,1.90728,10.28,222
2.03679,1.91199,10.27,223
2.03443,1.90963,10.25,224
2.02972,1.90963,10.24,225
2.02737,1.90963,10.23,226
2.02737,1.90963,10.21,227
2.02737,1.90963,10.20,228
2.02737,1.90963,10.19,229
2.02030,1.91199,10.17,230
2.02266,1.90963,10.16,231
2.02030,1.91199,10.15,232
2.01795,1.91199,10.13,233
2.01795,1.91199,10.12,234
2.01324,1.91434,10.10,235
2.01088,1.91434,10.10,236
2.00853,1.91434,10.08,237
2.01559,1.91199,10.07,238
2.00617,1.91434,10.06,239
2.00382,1.91434,10.05,240
2.00382,1.91199,10.03,241
2.00147,1.91670,10.02,242
1.99676,1.91670,10.01,243
1.99911,1.91434,9.99,244
1.99440,1.91670,9.98,245
1.99205,1.91670,9.98,246
1.98969,1.91905,9.97,247
1.98969,1.91670,9.95,248
1.98734,1.91905,9.94,249
1.98969,1.91670,9.94,250
1.98969,1.91905,9.92,251
1.98734,1.91670,9.91,252
1.98498,1.91670,9.90,253
1.98263,1.91905,9.90,254
1.97792,1.92141,9.88,255
1.97556,1.91905,9.88,256
1.97556,1.92141,9.86,257
1.97792,1.91905,9.84,258
1.97792,1.91905,9.84,259
1.97085,1.92141,9.84,260
1.96615,1.92847,9.82,261
1.97085,1.91905,9.81,262
1.96615,1.91905,9.79,263
1.96379,1.92141,9.78,264
1.96379,1.92376,9.78,265
1.96379,1.92141,9.76,266
1.96144,1.92376,9.75,267
1.95908,1.92376,9.74,268
1.95437,1.92376,9.73,269
1.95437,1.92376,9.73,270
1.95202,1.92376,9.71,271
1.94966,1.92376,9.70,272
1.94731,1.92612,9.69,273
1.94966,1.92612,9.68,274
1.94966,1.92376,9.67,275
1.94731,1.92612,9.67,276
1.94260,1.92612,9.66,277
1.94260,1.92612,9.65,278
1.94024,1.92847,9.64,279
1.94024,1.92847,9.63,280
1.94024,1.92376,9.63,281
1.94260,1.92612,9.61,282
1.94260,1.92612,9.60,283
1.93789,1.92612,9.59,284
1.93789,1.92847,9.58,285
1.93789,1.92612,9.56,286
1.93553,1.92612,9.55,287
1.93553,1.93083,9.55,288
1.93083,1.93083,9.54,289
1.92847,1.92847,9.53,290
1.92847,1.92847,9.53,291
1.93083,1.92847,9.52,292
1.92847,1.92847,9.51,293
1.93083,1.93083,9.49,294
1.92612,1.92847,9.48,295
1.92376,1.93083,9.48,296
1.92376,1.92847,9.48,297
1.93083,1.93083,9.47,298
1.92376,1.92612,9.46,299
1.91670,1.93083,9.45,300
1.91670,1.93083,9.45,301
1.91434,1.93318,9.44,302
1.91199,1.93318,9.43,303
1.91199,1.93318,9.43,304
1.91434,1.93318,9.42,305
1.91199,1.93318,9.41,306
1.91199,1.93083,9.40,307
1.90728,1.93083,9.39,308
1.90963,1.93318,9.39,309
1.90963,1.93318,9.38,310
1.90963,1.93318,9.38,311
1.90728,1.93318,9.37,312
1.90492,1.93083,9.36,313
1.90257,1.93553,9.35,314
1.90492,1.93553,9.35,315
1.90257,1.93553,9.34,316
1.90257,1.93318,9.34,317
1.90022,1.93553,9.33,318
1.90022,1.93553,9.31,319
1.90257,1.93553,9.31,320
1.90257,1.93553,9.30,321
1.89786,1.93789,9.30,322
1.89786,1.93318,9.29,323
1.89786,1.93553,9.28,324
1.89551,1.93553,9.27,325
1.89315,1.93318,9.27,326
1.89315,1.93553,9.27,327
1.89315,1.93318,9.25,328
1.89080,1.93553,9.25,329
1.89551,1.93318,9.25,330
1.89315,1.93553,9.24,331
1.88844,1.93789,9.23,332
1.88844,1.94024,9.22,333
1.88609,1.93789,9.22,334
1.88138,1.93789,9.21,335
1.88138,1.93789,9.21,336
1.88138,1.94024,9.20,337
1.88138,1.93789,9.20,338
1.87902,1.93789,9.20,339
1.87902,1.93789,9.19,340
1.88138,1.93553,9.18,341
1.88138,1.93789,9.17,342
1.87902,1.93789,9.16,343
1.87902,1.94024,9.16,344
1.88138,1.93789,9.16,345
1.88138,1.93789,9.15,346
1.87902,1.93789,9.15,347
1.87431,1.93789,9.13,348
1.87667,1.94024,9.13,349
1.87431,1.94024,9.13,350
1.87196,1.94024,9.13,351
1.87196,1.94024,9.12,352
1.87431,1.94024,9.11,353
1.86960,1.93789,9.11,354
1.86960,1.94024,9.09,355
1.86725,1.94024,9.09,356
1.86725,1.94024,9.09,357
1.86960,1.94024,9.09,358
1.86960,1.94260,9.08,359
1.86960,1.93789,9.07,360
1.86489,1.93789,9.06,361
1.86489,1.94260,9.05,362
1.86019,1.94731,9.05,363
1.86725,1.94024,9.05,364
1.86960,1.93789,9.04,365
1.86960,1.93789,9.04,366
1.86489,1.94024,9.03,367
1.86254,1.94260,9.03,368
1.86254,1.94260,9.03,369
1.86254,1.94024,9.02,370
1.86489,1.94024,9.02,371
1.86254,1.94260,9.01,372
1.86489,1.94024,9.01,373
1.86019,1.94024,9.00,374
1.86254,1.94260,9.00,375
1.86254,1.94024,8.99,376
1.85783,1.94260,8.99,377
1.86019,1.94024,8.98,378
1.85783,1.94260,8.98,379
1.85783,1.94495,8.98,380
1.85783,1.94495,8.97,381
1.85783,1.94260,8.96,382
1.85783,1.94260,8.96,383
1.85312,1.94260,8.95,384
1.85548,1.94260,8.95,385
1.85548,1.94260,8.95,386
1.85312,1.94024,8.95,387
1.85548,1.94260,8.94,388
1.85312,1.94260,8.93,389
1.85548,1.94260,8.92,390
1.85312,1.94260,8.92,391
1.85312,1.94260,8.91,392
1.85077,1.94260,8.91,393
1.84841,1.94260,8.91,394
1.84606,1.94495,8.91,395
1.84841,1.94495,8.90,396
1.84606,1.94495,8.90,397
1.85077,1.94260,8.89,398
1.84606,1.95202,8.89,399
1.84606,1.94495,8.88,400
1.84370,1.94731,8.88,401
1.84135,1.94495,8.88,402
1.84370,1.94260,8.86,403
1.84370,1.94495,8.86,404
1.84370,1.94495,8.86,405
1.84135,1.94731,8.85,406
1.84135,1.94495,8.85,407
1.83899,1.94495,8.84,408
1.83664,1.94495,8.84,409
1.83664,1.94495,8.84,410
1.83664,1.94495,8.83,411
1.83428,1.94731,8.83,412
1.83664,1.95202,8.82,413
1.83899,1.94731,8.82,414
1.83664,1.94495,8.81,415
1.83428,1.94495,8.81,416
1.83899,1.94495,8.81,417
1.83428,1.94495,8.80,418
1.83664,1.94495,8.80,419
1.83428,1.94731,8.80,420
1.83664,1.94495,8.80,421
1.83428,1.94495,8.79,422
1.83664,1.94731,8.78,423
1.83428,1.94495,8.78,424
1.83193,1.94731,8.78,425
1.82958,1.94731,8.78,426
1.82722,1.94731,8.77,427
1.82722,1.94731,8.77,428
1.82722,1.94731,8.77,429
1.82722,1.94731,8.76,430
1.82958,1.94731,8.76,431
1.82722,1.94495,8.76,432
1.82722,1.94495,8.75,433
1.82722,1.94495,8.75,434
1.82958,1.94495,8.75,435
1.82487,1.94731,8.74,436
1.82487,1.94731,8.74,437
1.82251,1.94731,8.73,438
1.82487,1.94731,8.73,439
1.82487,1.94731,8.73,440
1.82251,1.94495,8.73,441
1.82251,1.94966,8.72,442
1.82251,1.94731,8.72,443
1.82016,1.94731,8.72,444
1.82251,1.94731,8.72,445
1.82251,1.94731,8.71,446
1.81780,1.94966,8.70,447
1.81780,1.94731,8.70,448
1.81545,1.94966,8.70,449
1.81545,1.94731,8.70,450
1.81074,1.94966,8.70,451
1.81545,1.94966,8.70,452
1.81545,1.94731,8.70,453
1.81545,1.94731,8.69,454
1.81309,1.94966,8.68,455
1.81309,1.95202,8.68,456
1.81545,1.94966,8.68,457
1.81309,1.94966,8.68,458
1.81545,1.94966,8.68,459
1.81309,1.94966,8.68,460
1.81545,1.94731,8.67,461
1.81074,1.94966,8.67,462
1.81074,1.95202,8.67,463
1.81309,1.94966,8.66,464
1.81545,1.94731,8.66,465
1.81545,1.94731,8.66,466
1.81545,1.94966,8.66,467
1.80838,1.94966,8.66,468
1.81074,1.94966,8.66,469
1.81074,1.94966,8.65,470
1.81074,1.94966,8.65,471
1.81545,1.94966,8.65,472
1.80603,1.94966,8.65,473
1.80838,1.94966,8.64,474
1.80838,1.94966,8.63,475
1.80838,1.94966,8.63,476
1.80367,1.94966,8.63,477
1.80603,1.95202,8.63,478
1.80838,1.94966,8.63,479
1.80603,1.94731,8.63,480
1.80603,1.94966,8.62,481
1.80603,1.94966,8.62,482
1.80838,1.94966,8.62,483
1.80838,1.94966,8.62,484
1.81074,1.94966,8.61,485
1.80603,1.94966,8.60,486
1.80603,1.94966,8.60,487
1.81074,1.95437,8.60,488
1.80603,1.95202,8.60,489
1.80367,1.94966,8.59,490
1.80132,1.95202,8.59,491
1.79896,1.94966,8.59,492
1.80132,1.95202,8.59,493
1.80603,1.94966,8.59,494
1.79661,1.95202,8.58,495
1.79661,1.95202,8.59,496
1.79896,1.95202,8.58,497
1.80132,1.94966,8.58,498
1.80367,1.94966,8.58,499
1.80367,1.95202,8.57,501
1.80132,1.95202,8.57,502
1.80367,1.94966,8.57,503
1.80132,1.95202,8.56,504
1.80132,1.94966,8.57,505
1.80367,1.95202,8.56,506
1.80132,1.95673,8.56,507
1.79896,1.95202,8.56,508
1.79896,1.95202,8.55,509
1.79896,1.95202,8.55,510
1.79896,1.95202,8.55,511
1.79661,1.95202,8.55,512
1.79661,1.95202,8.55,513
1.80132,1.95202,8.55,514
1.79896,1.94966,8.54,515
1.79896,1.95202,8.54,516
1.79896,1.95202,8.54,517
1.79661,1.95437,8.54,518
1.79896,1.94966,8.53,519
1.79426,1.95437,8.53,520
1.79426,1.95202,8.53,521
1.79896,1.94966,8.53,522
1.79896,1.95202,8.52,523
1.79896,1.95202,8.52,524
1.79661,1.95202,8.52,525
1.80132,1.95202,8.52,526
1.80132,1.94966,8.53,527
1.80132,1.95202,8.52,528
1.79661,1.95202,8.52,529
1.79190,1.95437,8.52,530
1.79426,1.95202,8.52,531
1.79190,1.95202,8.51,532
1.79190,1.95437,8.50,533
1.79190,1.95437,8.51,534
1.79190,1.95437,8.50,535
1.79190,1.95202,8.49,536
1.78719,1.95437,8.49,537
1.78719,1.95437,8.50,538
1.78955,1.95202,8.50,539
1.79190,1.95202,8.49,540
1.78719,1.95437,8.49,541
1.79190,1.95202,8.49,542
1.78955,1.95437,8.48,543
1.78955,1.95437,8.48,544
1.78955,1.95202,8.48,545
1.78248,1.96144,8.48,546
1.78719,1.95437,8.48,547
1.78719,1.95202,8.48,548
1.78484,1.95673,8.48,549
1.78248,1.95673,8.48,550
1.78484,1.95437,8.47,551
1.78248,1.95437,8.47,552
1.78248,1.95202,8.46,553
1.78484,1.95437,8.47,554
1.78484,1.95437,8.47,555
1.78484,1.95437,8.46,556
1.78484,1.95202,8.45,557
1.78484,1.95437,8.45,558
1.78248,1.95437,8.45,559
1.78013,1.95437,8.45,560
1.77777,1.95673,8.45,561
1.77777,1.95437,8.45,562
1.78013,1.95437,8.45,563
1.77777,1.95673,8.44,564
1.78013,1.95673,8.45,565
1.78013,1.95437,8.45,566
1.78013,1.95673,8.45,567
1.78248,1.95202,8.45,568
1.78013,1.95673,8.43,569
1.78013,1.95673,8.44,570
1.77777,1.95673,8.44,571
1.77777,1.95673,8.44,572
1.78013,1.95437,8.43,573
1.77777,1.95437,8.43,574
1.77542,1.95673,8.43,575
1.77542,1.95673,8.42,576
1.77777,1.95437,8.42,577
1.77542,1.95673,8.41,578
1.77306,1.95437,8.42,579
1.77777,1.95437,8.41,580
1.77542,1.95673,8.41,581
1.77777,1.95437,8.41,582
1.77542,1.95437,8.41,583
1.77542,1.95673,8.41,584
1.77542,1.95437,8.40,585
1.77306,1.95437,8.41,586
1.77542,1.95437,8.40,587
1.77542,1.95673,8.40,588
1.77777,1.95673,8.40,589
1.77542,1.95437,8.40,590
1.77542,1.95437,8.39,591
1.77777,1.95437,8.39,592
1.77777,1.95437,8.39,593
1.77542,1.95437,8.39,594
1.77542,1.95673,8.39,595
1.77306,1.95673,8.38,596
1.77071,1.95437,8.39,597
1.76835,1.95673,8.38,598
1.76600,1.95908,8.38,599
1.77071,1.95673,8.38,600
1.76835,1.95673,8.38,601
1.77071,1.95437,8.38,602
1.77071,1.95673,8.38,603
1.77306,1.95673,8.38,604
1.77542,1.95673,8.38,605
1.78013,1.95437,8.38,606
1.77777,1.95437,8.38,607
1.77777,1.95673,8.37,608
1.77542,1.95437,8.38,609
1.77542,1.95673,8.37,610
1.77071,1.95673,8.37,611
1.78248,1.95437,8.37,612
1.77542,1.95673,8.37,613
1.77542,1.95437,8.37,614
1.77542,1.95673,8.37,615
1.77306,1.95673,8.37,616
1.77071,1.95437,8.37,617
1.77777,1.95437,8.37,618
1.77071,1.95673,8.37,619
1.77071,1.95908,8.36,620
1.77542,1.95437,8.36,621
1.77306,1.95437,8.36,622
1.77306,1.95437,8.37,623
1.77542,1.95437,8.35,624
1.77306,1.95673,8.35,625
1.77071,1.95673,8.36,626
1.77071,1.95673,8.35,627
1.76835,1.95673,8.35,628
1.76835,1.95673,8.35,629
1.76835,1.95673,8.36,630
1.77071,1.95437,8.35,631
1.76835,1.95673,8.35,632
1.77071,1.95673,8.35,633
1.77306,1.95673,8.34,634
1.77071,1.95673,8.35,635
1.77306,1.95673,8.35,636
1.77542,1.95202,8.35,637
1.77777,1.95437,8.35,638
1.77777,1.95437,8.34,639
1.77542,1.95437,8.34,640
1.77542,1.95437,8.34,641
1.77542,1.95437,8.34,642
1.77542,1.95437,8.34,643
1.77542,1.95437,8.34,644
1.77071,1.95437,8.35,645
1.76835,1.95673,8.34,646
1.77071,1.95437,8.34,647
1.77071,1.95673,8.34,648
1.76835,1.95437,8.34,649
1.77071,1.95673,8.34,650
1.77071,1.95202,8.34,651
1.76835,1.96144,8.34,652
1.77071,1.95673,8.34,653
1.77071,1.95673,8.34,654
1.77071,1.95437,8.34,655
1.77071,1.95673,8.34,656
1.76600,1.95673,8.34,657
1.76600,1.95673,8.34,658
1.76600,1.96379,8.34,659
1.76835,1.95908,8.34,660
1.76600,1.95673,8.34,661
1.76835,1.95673,8.34,662
1.76835,1.95202,8.34,663
1.76835,1.95437,8.34,664
1.76835,1.95673,8.34,665
1.76835,1.95673,8.33,666
1.77306,1.95437,8.34,667
1.77071,1.95437,8.34,668
1.77071,1.95673,8.33,669
1.77071,1.95437,8.33,670
1.77306,1.95437,8.33,671
1.76835,1.95673,8.33,672
1.77071,1.95437,8.33,673
1.77542,1.95673,8.32,674
1.77071,1.95673,8.33,675
1.76835,1.95673,8.32,676
1.76364,1.95673,8.32,677
1.76835,1.95673,8.32,678
1.76835,1.95437,8.32,679
1.76600,1.95437,8.32,680
1.76835,1.95437,8.32,681
1.76364,1.95673,8.32,682
1.76364,1.95673,8.32,683
1.76129,1.95673,8.31,684
1.76364,1.95908,8.31,685
1.76129,1.95437,8.32,686
1.76129,1.95437,8.31,687
1.76129,1.95673,8.31,688
1.76129,1.95437,8.31,689
1.76129,1.95673,8.30,690
1.75894,1.95673,8.30,691
1.75894,1.95437,8.30,692
1.76129,1.95673,8.30,693
1.75894,1.95673,8.30,694
1.75894,1.95908,8.30,695
1.76129,1.95673,8.30,696
1.76129,1.95437,8.30,697
1.76835,1.95908,8.30,698
1.76600,1.95437,8.31,699
1.76600,1.95437,8.30,700
1.76364,1.95673,8.30,701
1.76129,1.95673,8.30,702
1.76364,1.95673,8.29,703
1.76835,1.95437,8.30,704
1.76364,1.95437,8.30,705
1.76364,1.95673,8.30,706
1.76600,1.95673,8.30,707
1.76129,1.95673,8.29,708
1.76364,1.95673,8.29,709
1.76364,1.95908,8.30,710
1.75658,1.95673,8.29,711
1.75423,1.95908,8.29,712
1.75658,1.95673,8.30,713
1.76129,1.95908,8.30,714
1.75894,1.95673,8.30,715
1.76129,1.95673,8.29,716
1.75894,1.95437,8.30,717
1.75658,1.95673,8.30,718
1.75658,1.95908,8.30,719
1.75658,1.95673,8.29,720
1.75658,1.95673,8.29,721
1.75423,1.95673,8.29,722
1.75658,1.95673,8.30,723
1.75658,1.95673,8.29,724
1.75894,1.95673,8.29,725
1.75658,1.95908,8.29,726
1.75658,1.95673,8.29,727
1.75658,1.95908,8.28,728
1.75658,1.95908,8.28,729
1.75423,1.95908,8.29,730
1.75658,1.95673,8.29,731
1.75894,1.95673,8.28,732
1.75894,1.95673,8.28,733
1.75658,1.95673,8.28,734
1.75894,1.95673,8.28,735
1.76600,1.95673,8.29,736
1.75894,1.95908,8.29,737
1.76129,1.95673,8.28,738
1.76129,1.95673,8.28,739
1.76364,1.95673,8.29,740
1.76364,1.95437,8.28,741
1.76129,1.95437,8.28,742
1.76129,1.95673,8.29,743
1.75894,1.95437,8.29,744
1.76129,1.95437,8.29,745
1.76129,1.95673,8.28,746
1.76129,1.95673,8.29,747
1.76600,1.95673,8.29,748
1.76129,1.95673,8.28,749
1.75894,1.95908,8.28,750
1.76129,1.95673,8.28,751
1.75894,1.95673,8.28,752
1.76129,1.95673,8.28,753
1.75894,1.95673,8.29,754
1.75658,1.95673,8.28,755
1.76129,1.95673,8.28,756
1.76129,1.95673,8.29,757
1.75894,1.95673,8.28,758
1.75894,1.95437,8.28,759
1.76129,1.95673,8.28,760
1.75894,1.95673,8.28,761
1.75658,1.95673,8.28,762
1.75894,1.95673,8.28,763
1.75894,1.95673,8.28,764
1.75658,1.95437,8.29,765
1.75894,1.95673,8.28,766
1.75658,1.95673,8.28,767
1.75658,1.95673,8.28,768
1.75187,1.95908,8.27,769
1.75187,1.95908,8.28,770
1.75187,1.95908,8.28,771
1.75423,1.95673,8.28,772
1.75187,1.95908,8.28,773
1.75423,1.95908,8.28,774
1.75658,1.95673,8.27,775
1.75423,1.95908,8.27,776
1.75423,1.95908,8.27,777
1.75423,1.95908,8.28,778
1.75894,1.95673,8.27,779
1.75894,1.95908,8.28,780
1.75658,1.95673,8.28,781
1.75423,1.95673,8.28,782
1.75658,1.95673,8.28,783
1.75423,1.95673,8.27,784
1.75423,1.95908,8.27,785
1.75658,1.95908,8.28,786
1.75423,1.95673,8.27,787
1.75894,1.95673,8.27,788
1.76129,1.95673,8.27,789
1.75894,1.95673,8.27,790
1.75658,1.95908,8.27,791
1.75658,1.95673,8.27,792
1.77777,1.95673,8.38,793
1.79426,1.94966,8.48,794
1.80603,1.94966,8.55,795
1.82016,1.94495,8.62,796
1.82958,1.94495,8.67,797
1.83899,1.94260,8.73,798
1.85312,1.93789,8.78,799
1.86019,1.93789,8.84,800
1.87196,1.93789,8.90,801
1.87667,1.93318,8.96,802
1.88844,1.93318,9.02,803
1.90022,1.93083,9.08,804
1.91434,1.92847,9.13,805
1.92612,1.92612,9.20,806
1.93553,1.92376,9.25,807
1.94731,1.92141,9.31,808
1.95673,1.91905,9.37,809
1.96615,1.91670,9.43,810
1.97556,1.91434,9.49,811
1.98263,1.91434,9.55,812
1.99440,1.91199,9.62,813
1.99911,1.90963,9.68,814
2.01559,1.90963,9.74,815
2.02266,1.90728,9.80,816
2.03443,1.90492,9.86,817
2.04149,1.90022,9.93,818
2.05562,1.90022,9.98,819
2.06269,1.90022,10.05,820
2.07446,1.89786,10.11,821
2.08388,1.89551,10.17,822
2.09330,1.89315,10.23,823
2.10272,1.89080,10.29,824
2.10978,1.88844,10.36,825
2.12391,1.88609,10.41,826
2.12862,1.88844,10.48,827
2.13804,1.88373,10.53,828
2.14745,1.88138,10.59,829
2.15452,1.88138,10.66,830
2.16158,1.87902,10.72,831
2.17336,1.87667,10.77,832
2.18278,1.87196,10.83,833
2.19219,1.87431,10.89,834
2.20161,1.87196,10.95,835
2.21339,1.86960,11.00,836
2.22045,1.86725,11.06,837
2.22987,1.86725,11.12,838
2.23458,1.86489,11.18,839
2.24635,1.86489,11.23,840
2.25341,1.86254,11.29,841
2.25812,1.86489,11.34,842
2.26519,1.86019,11.40,843
2.27461,1.85783,11.46,844
2.28167,1.85783,11.51,845
2.29344,1.85548,11.57,846
2.29815,1.85548,11.63,847
2.30286,1.85312,11.67,848
2.30993,1.85077,11.73,849
2.32170,1.84841,11.79,850
2.32170,1.84841,11.84,851
2.32876,1.84841,11.90,852
2.32876,1.84606,11.95,853
2.33818,1.84606,12.00,854
2.34054,1.84370,12.05,855
2.34289,1.84606,12.10,856
2.34996,1.84370,12.16,857
2.35702,1.84370,12.20,858
2.35937,1.84370,12.26,859
2.36408,1.84135,12.31,860
2.36644,1.83899,12.36,861
2.37115,1.83899,12.41,862
2.37586,1.83899,12.46,863
2.38763,1.83664,12.51,864
2.39234,1.83664,12.56,865
2.38999,1.83428,12.61,866
2.39940,1.83428,12.66,867
2.40882,1.83193,12.71,868
2.41118,1.83193,12.77,869
2.41824,1.82958,12.81,870
2.41824,1.82958,12.87,871
2.42295,1.82958,12.92,872
2.43001,1.82958,12.97,873
2.43708,1.82722,13.02,874
2.44650,1.82487,13.11,875
2.44885,1.82487,13.16,876
2.45592,1.82487,13.20,877
2.46298,1.82251,13.25,878
2.46769,1.82016,13.30,879
2.47946,1.82016,13.35,880
2.48653,1.81780,13.40,881
2.49595,1.81545,13.45,882
2.49830,1.81545,13.50,883
2.50536,1.81309,13.54,884
2.51478,1.81309,13.59,885
2.51714,1.81309,13.63,886
2.52420,1.80838,13.67,887
2.53127,1.80838,13.72,888
2.53362,1.81074,13.76,889
2.54068,1.80838,13.80,890
2.54775,1.80603,13.84,891
2.55481,1.80603,13.89,892
2.55717,1.80367,13.94,893
2.56423,1.80367,13.98,894
2.56659,1.80132,14.02,895
2.57365,1.80132,14.05,896
2.57836,1.80132,14.10,897
2.58307,1.79661,14.14,898
2.58778,1.79896,14.19,899
2.59013,1.80132,14.22,900
2.60191,1.79661,14.27,901
2.60661,1.79190,14.30,902
2.61368,1.79190,14.34,903
2.61132,1.79426,14.38,904
2.61368,1.79426,14.42,905
2.61839,1.79190,14.45,906
2.62310,1.79190,14.49,907
2.63252,1.78955,14.52,908
2.63723,1.78955,14.57,909
2.64429,1.78719,14.61,910
2.64664,1.78719,14.63,911
2.64664,1.78719,14.66,912
2.65135,1.78484,14.70,913
2.65371,1.78719,14.73,914
2.65842,1.78248,14.77,915
2.66548,1.78484,14.80,916
2.66784,1.78484,14.83,917
2.67255,1.78013,14.87,918
2.67725,1.78248,14.91,919
2.67961,1.78013,14.93,920
2.67961,1.78013,14.96,921
2.68432,1.78013,15.00,922
2.68903,1.77777,15.03,923
2.68903,1.77777,15.06,924
2.69845,1.77777,15.09,925
2.70787,1.77542,15.12,926
2.70080,1.78248,15.15,927
2.70316,1.77777,15.17,928
2.70787,1.77542,15.21,929
2.71257,1.77542,15.23,930
2.71964,1.77306,15.27,931
2.72199,1.77306,15.30,932
2.72906,1.77071,15.33,933
2.72670,1.77306,15.36,934
2.72435,1.77542,15.38,935
2.73612,1.77071,15.41,936
2.73848,1.76835,15.44,937
2.74789,1.76835,15.46,938
2.74554,1.76600,15.51,939
2.75025,1.76600,15.52,940
2.75496,1.76364,15.55,941
2.75967,1.76600,15.57,942
2.75967,1.76600,15.60,943
2.75731,1.76600,15.63,944
2.76673,1.76364,15.66,945
2.76438,1.76600,15.69,946
2.77144,1.76364,15.72,947
2.77380,1.76364,15.74,948
2.77851,1.76364,15.77,949
2.78086,1.76129,15.80,950
2.78792,1.76129,15.81,951
2.79499,1.75894,15.86,952
2.79970,1.75658,15.88,953
2.79734,1.75894,15.90,954
2.79734,1.75658,15.93,955
2.79970,1.75894,15.95,956
2.80441,1.75658,15.98,957
2.80441,1.75658,16.01,958
2.80676,1.75658,16.02,959
2.81147,1.75423,16.04,960
2.81147,1.75658,16.07,961
2.80912,1.75658,16.09,962
2.82089,1.75187,16.12,963
2.82324,1.75658,16.16,964
2.83266,1.75187,16.19,965
2.83031,1.75187,16.19,966
2.83266,1.75187,16.21,967
2.83502,1.75187,16.23,968
2.83737,1.74952,16.27,969
2.83973,1.74952,16.28,970
2.84915,1.74716,16.30,971
2.85150,1.74716,16.34,972
2.85385,1.74716,16.34,973
2.85385,1.74716,16.37,974
2.85621,1.74952,16.39,975
2.86563,1.74716,16.42,976
2.86563,1.74481,16.45,977
2.86798,1.74481,16.50,978
2.87269,1.74245,16.52,979
2.87976,1.74245,16.54,980
2.87740,1.74010,16.57,981
2.88446,1.74245,16.59,982
2.88211,1.74245,16.61,983
2.87976,1.74245,16.64,984
2.88682,1.74010,16.66,985
2.89153,1.74010,16.68,986
2.89388,1.73774,16.70,987
2.89624,1.74010,16.71,988
2.89624,1.74010,16.73,989
2.90330,1.73774,16.75,990
2.90566,1.73774,16.77,991
2.91272,1.73539,16.79,992
2.91979,1.73303,16.81,993
2.93391,1.73303,16.84,994
2.93391,1.73303,16.86,995
2.93862,1.73068,16.89,996
2.93862,1.73068,16.91,997
2.92920,1.73068,16.93,998
2.93156,1.73303,16.95,999
2.93156,1.73303,16.95,1000
2.93391,1.73303,16.96,1002
2.93627,1.73303,16.98,1003
2.93862,1.73068,17.01,1004
2.94569,1.73068,17.02,1005
2.95040,1.72832,17.05,1006
2.95040,1.72832,17.07,1007
2.95275,1.72832,17.07,1008
2.95981,1.72832,17.09,1009
2.95511,1.72597,17.11,1010
2.95981,1.72597,17.14,1011
2.95746,1.72832,17.16,1012
2.95981,1.72597,17.17,1013
2.96688,1.72597,17.18,1014
2.97159,1.72597,17.20,1015
2.97630,1.72597,17.23,1016
2.98101,1.72362,17.24,1017
2.98101,1.72597,17.27,1018
2.98101,1.72362,17.29,1019
2.98101,1.72362,17.30,1020
2.98336,1.72362,17.33,1021
2.98807,1.72362,17.34,1022
2.98572,1.72362,17.34,1023
2.99278,1.72126,17.36,1024
2.99513,1.71891,17.38,1025
2.99984,1.71891,17.39,1026
2.99749,1.72126,17.41,1027
2.99749,1.71891,17.41,1028
2.99278,1.72126,17.43,1029
2.99749,1.72126,17.46,1030
2.99749,1.72126,17.48,1031
2.99749,1.72597,17.48,1032
2.99749,1.71655,17.52,1033
3.00220,1.71891,17.53,1034
3.01397,1.71655,17.56,1035
3.01397,1.71655,17.58,1036
3.02339,1.71420,17.59,1037
3.02339,1.71655,17.62,1038
3.02339,1.71655,17.62,1039
3.02810,1.71420,17.64,1040
3.03281,1.71184,17.66,1041
3.03045,1.71420,17.67,1042
3.03281,1.71420,17.70,1043
3.03281,1.71420,17.71,1044
3.03516,1.71891,17.73,1045
3.04458,1.70949,17.74,1046
3.04458,1.70949,17.77,1047
3.04223,1.71184,17.78,1048
3.04223,1.71184,17.79,1049
3.04694,1.70949,17.80,1050
3.04694,1.71184,17.83,1051
3.04694,1.70949,17.85,1052
3.05636,1.70713,17.86,1053
3.06342,1.70713,17.87,1054
3.06577,1.70713,17.89,1055
3.06107,1.70713,17.90,1056
3.06107,1.70713,17.91,1057
3.06577,1.70478,17.92,1058
3.06577,1.70713,17.95,1059
3.06813,1.70713,17.96,1060
3.06577,1.70713,17.97,1061
3.07048,1.70478,17.98,1062
3.07755,1.70242,17.98,1063
3.07048,1.70478,18.00,1064
3.07519,1.70478,18.02,1065
3.07990,1.70242,18.03,1066
3.07990,1.70478,18.04,1067
3.08226,1.70242,18.06,1068
3.08697,1.70242,18.07,1069
3.09168,1.70007,18.09,1070
3.09168,1.70242,18.10,1071
3.09874,1.70007,18.12,1072
3.09639,1.70242,18.14,1073
3.08932,1.70242,18.15,1074
3.09639,1.70242,18.16,1075
3.09403,1.70007,18.20,1076
3.10345,1.70007,18.22,1077
3.10580,1.70007,18.23,1078
3.11051,1.70007,18.25,1079
3.11758,1.69771,18.27,1080
3.11051,1.69771,18.27,1081
3.11287,1.69771,18.28,1082
3.11758,1.70007,18.29,1083
3.11993,1.70007,18.30,1084
3.11993,1.69536,18.31,1085
3.11522,1.70007,18.34,1086
3.11993,1.69771,18.35,1087
3.11993,1.69771,18.37,1088
3.12464,1.69536,18.37,1089
3.12700,1.69536,18.40,1090
3.13171,1.69536,18.41,1091
3.13406,1.69536,18.42,1092
3.13171,1.69536,18.43,1093
3.13406,1.69536,18.45,1094
3.13641,1.69300,18.46,1095
3.13171,1.69536,18.48,1096
3.13877,1.69536,18.48,1097
3.15290,1.69300,18.51,1098
3.14819,1.69065,18.52,1099
3.15290,1.69300,18.54,1100
3.14583,1.69300,18.55,1101
3.14819,1.69300,18.56,1102
3.15290,1.69065,18.58,1103
3.15290,1.69065,18.60,1104
3.15525,1.69065,18.61,1105
3.15054,1.69065,18.62,1106
3.15525,1.69065,18.64,1107
3.17880,1.68830,18.66,1108
3.17173,1.68594,18.66,1109
3.17880,1.68594,18.68,1110
3.17880,1.68594,18.68,1111
3.17880,1.68594,18.70,1112
3.18351,1.68359,18.71,1113
3.17880,1.68594,18.72,1114
3.18115,1.69065,18.73,1115
3.18115,1.68830,18.76,1116
3.17880,1.68359,18.77,1117
3.17880,1.68594,18.78,1118
3.19057,1.68359,18.79,1119
3.19528,1.68123,18.80,1120
3.19293,1.68359,18.82,1121
3.19528,1.68123,18.83,1122
3.20235,1.68123,18.85,1123
3.20470,1.68123,18.86,1124
3.20705,1.68123,18.87,1125
3.19999,1.68123,18.89,1126
3.20470,1.68123,18.91,1127
3.21883,1.67888,18.93,1128
3.20235,1.68594,18.95,1129
3.20705,1.67888,18.95,1130
3.21412,1.68123,18.98,1131
3.21176,1.68123,18.98,1132
3.21412,1.67888,18.99,1133
3.21883,1.67888,19.00,1134
3.22354,1.67652,19.01,1135
3.22589,1.67652,19.02,1136
3.22354,1.67652,19.03,1137
3.22589,1.67652,19.04,1138
3.22589,1.67888,19.06,1139
3.23060,1.67652,19.09,1140
3.22825,1.67888,19.09,1141
3.23531,1.67417,19.12,1142
3.23531,1.67417,19.12,1143
3.23767,1.67417,19.15,1144
3.23531,1.67652,19.16,1145
3.23296,1.67417,19.16,1146
3.24237,1.67417,19.19,1147
3.24002,1.67417,19.20,1148
3.24002,1.67417,19.21,1149
3.24944,1.67417,19.23,1150
3.25650,1.67181,19.24,1151
3.26357,1.66946,19.24,1152
3.26121,1.67181,19.25,1153
3.25650,1.67181,19.25,1154
3.25179,1.67181,19.27,1155
3.25415,1.67181,19.27,1156
3.26121,1.66946,19.29,1157
3.26357,1.66946,19.30,1158
3.27063,1.66710,19.31,1159
3.27063,1.66946,19.33,1160
3.27769,1.66946,19.34,1161
3.26828,1.66710,19.34,1162
3.27534,1.66710,19.35,1163
3.27298,1.66710,19.35,1164
3.26828,1.66710,19.35,1165
3.27063,1.66946,19.37,1166
3.27534,1.66710,19.39,1167
3.27534,1.66710,19.40,1168
3.27769,1.66710,19.42,1169
3.27769,1.66710,19.44,1170
3.27534,1.66710,19.45,1171
3.28005,1.66710,19.46,1172
3.28240,1.66475,19.48,1173
3.28240,1.66475,19.48,1174
3.28711,1.66475,19.50,1175
3.28711,1.66475,19.52,1176
3.29418,1.66239,19.52,1177
3.29889,1.66239,19.54,1178
3.30360,1.66239,19.54,1179
3.30360,1.66239,19.55,1180
3.31066,1.66004,19.56,1181
3.30831,1.66239,19.58,1182
3.31537,1.66004,19.59,1183
3.31772,1.65768,19.59,1184
3.31301,1.66004,19.60,1185
3.31772,1.66004,19.62,1186
3.31537,1.66004,19.63,1187
3.31301,1.66004,19.65,1188
3.31537,1.66004,19.65,1189
3.31537,1.66004,19.66,1190
3.30831,1.66475,19.66,1191
3.31537,1.66004,19.67,1192
3.31066,1.66239,19.70,1193
3.30595,1.66710,19.70,1194
3.31537,1.65768,19.72,1195
3.31772,1.65768,19.73,1196
3.31066,1.66004,19.73,1197
3.30831,1.66239,19.73,1198
3.31301,1.66004,19.74,1199
3.32008,1.65768,19.77,1200
3.32950,1.65768,19.78,1201
3.33421,1.65533,19.79,1202
3.32950,1.65533,19.79,1203
3.32950,1.65768,19.80,1204
3.33421,1.65533,19.81,1205
3.33656,1.65533,19.83,1206
3.34127,1.65533,19.84,1207
3.34363,1.65533,19.86,1208
3.34127,1.65533,19.87,1209
3.34363,1.65533,19.87,1210
3.33656,1.65533,19.88,1211
3.34598,1.65533,19.89,1212
3.34363,1.65298,19.91,1213
3.34833,1.65298,19.91,1214
3.34833,1.65062,19.93,1215
3.35540,1.65298,19.94,1216
3.36011,1.65062,19.95,1217
3.36482,1.64827,19.95,1218
3.35540,1.65298,19.96,1219
3.36246,1.64827,19.98,1220
3.36246,1.65298,19.98,1221
3.36246,1.65062,19.98,1222
3.36482,1.65062,20.00,1223
3.36953,1.65062,20.01,1224
3.36717,1.64827,20.03,1225
3.37894,1.64591,20.04,1226
3.37894,1.64591,20.05,1227
3.37659,1.64591,20.05,1228
3.37894,1.64827,20.07,1229
3.37894,1.64591,20.09,1230
3.37894,1.64591,20.09,1231
3.38365,1.64591,20.10,1232
3.38601,1.64591,20.10,1233
3.39307,1.64356,20.12,1234
3.39072,1.64356,20.13,1235
3.39072,1.64827,20.14,1236
3.38836,1.64591,20.16,1237
3.38836,1.64591,20.16,1238
3.39072,1.64591,20.17,1239
3.39072,1.64356,20.17,1240
3.39307,1.64591,20.19,1241
3.39307,1.64356,20.21,1242
3.40014,1.64356,20.21,1243
3.40014,1.64120,20.21,1244
3.40249,1.64356,20.23,1245
3.40720,1.64356,20.25,1246
3.40956,1.64591,20.26,1247
3.40485,1.64356,20.25,1248
3.40956,1.64120,20.27,1249
3.40720,1.64120,20.28,1250
3.40720,1.64356,20.30,1251
3.41191,1.63885,20.30,1252
3.41662,1.63885,20.30,1253
3.41191,1.64120,20.30,1254
3.41426,1.64120,20.32,1255
3.41426,1.64120,20.34,1256
3.41191,1.64356,20.35,1257
3.41191,1.64120,20.36,1258
3.41662,1.64120,20.37,1259
3.41897,1.63885,20.37,1260
3.42133,1.63885,20.39,1261
3.42133,1.63885,20.39,1262
3.42368,1.63649,20.41,1263
3.41897,1.63885,20.41,1264
3.42133,1.63649,20.42,1265
3.42604,1.63649,20.43,1266
3.43075,1.63649,20.44,1267
3.42839,1.63649,20.45,1268
3.42368,1.63649,20.47,1269
3.41662,1.63885,20.48,1270
3.41897,1.63885,20.48,1271
3.42368,1.63885,20.49,1272
3.44252,1.63649,20.50,1273
3.43075,1.63885,20.51,1274
3.42368,1.63885,20.52,1275
3.42839,1.63885,20.53,1276
3.42604,1.63649,20.53,1277
3.42839,1.63649,20.53,1278
3.43310,1.63414,20.53,1279
3.43075,1.63649,20.54,1280
3.43310,1.63414,20.55,1281
3.43546,1.63178,20.55,1282
3.44017,1.63414,20.56,1283
3.44017,1.63414,20.58,1284
3.43546,1.63649,20.59,1285
3.43781,1.63414,20.60,1286
3.44252,1.63414,20.61,1287
3.45194,1.63414,20.62,1288
3.45429,1.62943,20.62,1289
3.45194,1.63178,20.62,1290
3.45665,1.63649,20.62,1291
3.45665,1.63178,20.63,1292
3.45665,1.63178,20.63,1293
3.44488,1.63178,20.64,1294
3.44017,1.63414,20.66,1295
3.44488,1.63178,20.66,1296
3.44252,1.63414,20.68,1297
3.44252,1.63649,20.68,1298
3.44723,1.63414,20.70,1299
3.45194,1.63178,20.70,1300
3.45665,1.62943,20.71,1301
3.45900,1.63178,20.70,1302
3.46842,1.62943,20.71,1303
3.46842,1.62943,20.72,1304
3.44958,1.63885,20.72,1305
3.45429,1.63178,20.73,1306
3.45665,1.63178,20.74,1307
3.46136,1.62943,20.76,1308
3.46371,1.62943,20.77,1309
3.46842,1.62943,20.77,1310
3.46842,1.62943,20.77,1311
3.47078,1.62943,20.77,1312
3.46842,1.62943,20.78,1313
3.47078,1.62943,20.80,1314
3.46842,1.62943,20.80,1315
3.47313,1.62707,20.80,1316
3.47078,1.62943,20.80,1317
3.48255,1.62943,20.81,1318
3.47313,1.62707,20.83,1319
3.47549,1.62707,20.84,1320
3.48255,1.62707,20.84,1321
3.48020,1.62707,20.85,1322
3.47784,1.62943,20.85,1323
3.48020,1.62707,20.87,1324
3.48020,1.62472,20.88,1325
3.47784,1.63414,20.89,1326
3.48491,1.62472,20.89,1327
3.48726,1.62472,20.90,1328
3.48961,1.62236,20.91,1329
3.48726,1.62472,20.91,1330
3.48726,1.62472,20.91,1331
3.49197,1.62472,20.92,1332
3.48726,1.62472,20.91,1333
3.48491,1.62472,20.92,1334
3.48491,1.62707,20.92,1335
3.48491,1.62472,20.94,1336
3.48961,1.62472,20.94,1337
3.49197,1.62472,20.95,1338
3.48961,1.62707,20.94,1339
3.49197,1.62472,20.95,1340
3.50610,1.62236,20.97,1341
3.49197,1.62472,20.98,1342
3.49197,1.62472,20.98,1343
3.48726,1.62707,20.98,1344
3.48961,1.62472,20.98,1345
3.48961,1.62472,20.99,1346
3.49432,1.62472,20.99,1347
3.49432,1.62236,21.00,1348
3.49903,1.62236,21.00,1349
3.50845,1.62236,21.01,1350
3.50139,1.62472,21.00,1351
3.50139,1.62707,21.01,1352
3.50845,1.62472,21.02,1353
3.49668,1.63178,21.05,1354
3.49432,1.62472,21.05,1355
3.48961,1.62707,21.06,1356
3.50374,1.62236,21.07,1357
3.50139,1.62236,21.09,1358
3.49903,1.62472,21.09,1359
3.50374,1.62236,21.09,1360
3.50845,1.62236,21.08,1361
3.50845,1.62001,21.09,1362
3.50610,1.62236,21.10,1363
3.50845,1.62001,21.12,1364
3.51081,1.62236,21.12,1365
3.51552,1.62236,21.12,1366
3.52022,1.62001,21.14,1367
3.52964,1.61766,21.15,1368
3.52258,1.61766,21.14,1369
3.52258,1.62001,21.15,1370
3.52493,1.61766,21.14,1371
3.52493,1.61766,21.16,1372
3.52493,1.62001,21.16,1373
3.53200,1.61766,21.17,1374
3.52258,1.62001,21.17,1375
3.51787,1.62001,21.18,1376
3.52493,1.61766,21.18,1377
3.53200,1.61766,21.19,1378
3.53200,1.61766,21.20,1379
3.53200,1.61530,21.20,1380
3.52729,1.61766,21.20,1381
3.53435,1.61295,21.20,1382
3.53435,1.61766,21.22,1383
3.53200,1.61766,21.23,1384
3.52493,1.62001,21.23,1385
3.52493,1.61766,21.24,1386
3.52964,1.61766,21.26,1387
3.52964,1.62001,21.27,1388
3.53906,1.61530,21.27,1389
3.53435,1.61530,21.27,1390
3.54142,1.61530,21.27,1391
3.54613,1.61295,21.29,1392
3.54613,1.61295,21.29,1393
3.54613,1.61530,21.29,1394
3.54848,1.61295,21.29,1395
3.54848,1.61059,21.30,1396
3.55319,1.61295,21.30,1397
3.54848,1.61530,21.33,1398
3.54848,1.61530,21.33,1399
3.55084,1.61295,21.34,1400
3.54613,1.61530,21.34,1401
3.54613,1.61295,21.34,1402
3.54613,1.61295,21.34,1403
3.54848,1.61295,21.36,1404
3.55084,1.61530,21.37,1405
3.55554,1.61295,21.37,1406
3.55084,1.61295,21.37,1407
3.55554,1.61295,21.37,1408
3.55554,1.61295,21.37,1409
3.55790,1.61295,21.38,1410
3.56261,1.61059,21.40,1411
3.55790,1.61059,21.40,1412
3.56261,1.61059,21.41,1413
3.56261,1.61059,21.41,1414
3.56261,1.61059,21.41,1415
3.56261,1.61059,21.41,1416
3.56732,1.61059,21.42,1417
3.55790,1.61059,21.43,1418
3.56261,1.61059,21.44,1419
3.56732,1.61059,21.44,1420
3.56732,1.61059,21.45,1421
3.56732,1.61059,21.46,1422
3.56732,1.61059,21.47,1423
3.57438,1.61059,21.48,1424
3.57674,1.60588,21.48,1425
3.57909,1.60588,21.48,1426
3.57438,1.61530,21.50,1427
3.57674,1.60824,21.51,1428
3.58145,1.60824,21.51,1429
3.57909,1.60824,21.51,1430
3.57909,1.60588,21.52,1431
3.58851,1.60588,21.52,1432
3.58145,1.60588,21.54,1433
3.58145,1.60588,21.55,1434
3.58380,1.60588,21.56,1435
3.58380,1.60824,21.59,1436
3.59322,1.61059,21.59,1437
3.59322,1.60353,21.59,1438
3.59557,1.60588,21.59,1439
3.59557,1.60588,21.59,1440
3.59793,1.60353,21.61,1441
3.59793,1.60588,21.61,1442
3.59793,1.60588,21.62,1443
3.59793,1.60588,21.62,1444
3.59793,1.60353,21.63,1445
3.60499,1.60353,21.64,1446
3.60499,1.60353,21.64,1447
3.60735,1.60353,21.64,1448
3.60970,1.60117,21.66,1449
3.60970,1.60353,21.66,1450
3.60970,1.60353,21.67,1451
3.60970,1.60117,21.66,1452
3.60735,1.60117,21.67,1453
3.60970,1.60117,21.66,1454
3.61441,1.59882,21.67,1455
3.61206,1.60117,21.68,1456
3.61206,1.60117,21.68,1457
3.60735,1.60117,21.67,1458
3.61206,1.60117,21.69,1459
3.61441,1.60353,21.69,1460
3.61441,1.60117,21.70,1461
3.61677,1.60117,21.71,1462
3.61677,1.60117,21.72,1463
3.61677,1.60117,21.73,1464
3.61441,1.60117,21.73,1465
3.62148,1.60117,21.73,1466
3.62854,1.59882,21.76,1467
3.62618,1.59882,21.74,1468
3.62148,1.59882,21.75,1469
3.61912,1.60117,21.75,1470
3.62383,1.59882,21.76,1471
3.62618,1.59882,21.77,1472
3.62854,1.59882,21.78,1473
3.63325,1.59882,21.79,1474
3.62148,1.59882,21.79,1475
3.61206,1.60117,21.80,1476
3.61912,1.59882,21.80,1477
3.61912,1.59882,21.81,1478
3.62383,1.59882,21.80,1479
3.62148,1.59882,21.83,1480
3.62383,1.60117,21.82,1481
3.63089,1.59646,21.82,1482
3.63089,1.59646,21.84,1483
3.63560,1.59646,21.84,1484
3.63560,1.59882,21.84,1485
3.63089,1.59646,21.84,1486
3.64267,1.59411,21.86,1487
3.64267,1.59646,21.87,1488
3.63560,1.59646,21.87,1489
3.63560,1.59646,21.88,1490
3.63796,1.59646,21.88,1491
3.64031,1.59411,21.88,1492
3.63796,1.59646,21.88,1493
3.63560,1.59646,21.90,1494
3.63560,1.59646,21.91,1495
3.64031,1.59646,21.91,1496
3.64502,1.59646,21.92,1497
3.64267,1.59646,21.92,1498
3.64267,1.59175,21.93,1499
3.64738,1.59411,21.94,1500
3.64502,1.59646,21.94,1501
3.64738,1.59646,21.95,1503
3.64267,1.59646,21.96,1504
3.64502,1.59646,21.96,1505
3.66150,1.59411,21.97,1506
3.64738,1.59411,21.97,1507
3.64738,1.59411,21.99,1508
3.64738,1.59411,21.99,1509
3.64738,1.59411,22.00,1510
3.65209,1.59411,21.99,1511
3.65915,1.59411,21.99,1512
3.65209,1.59411,22.00,1513
3.64973,1.59411,22.01,1514
3.64738,1.59175,22.01,1515
3.65209,1.59411,22.01,1516
3.65444,1.59411,22.01,1517
3.66857,1.59175,22.01,1518
3.65680,1.59175,22.02,1519
3.65915,1.59175,22.02,1520
3.66386,1.59175,22.04,1521
3.66621,1.59175,22.04,1522
3.66857,1.59175,22.03,1523
3.66621,1.59175,22.05,1524
3.66150,1.59175,22.05,1525
3.66386,1.59175,22.06,1526
3.66621,1.59175,22.07,1527
3.66857,1.59175,22.07,1528
3.66857,1.59175,22.07,1529
3.67092,1.59646,22.09,1530
3.67563,1.58940,22.08,1531
3.67328,1.58940,22.08,1532
3.67799,1.58704,22.09,1533
3.67799,1.58940,22.12,1534
3.67328,1.58940,22.12,1535
3.67092,1.58940,22.13,1536
3.67092,1.59175,22.13,1537
3.67328,1.58940,22.13,1538
3.67563,1.58940,22.14,1539
3.67799,1.58940,22.14,1540
3.67799,1.58940,22.14,1541
3.67563,1.59175,22.15,1542
3.68034,1.58940,22.16,1543
3.68034,1.58940,22.16,1544
3.67563,1.58940,22.16,1545
3.67799,1.58704,22.17,1546
3.67328,1.58940,22.18,1547
3.67799,1.58940,22.19,1548
3.68034,1.58704,22.18,1549
3.67563,1.58940,22.18,1550
3.67328,1.58940,22.19,1551
3.67799,1.58940,22.19,1552
3.67563,1.58940,22.20,1553
3.68976,1.58704,22.21,1554
3.68976,1.58469,22.21,1555
3.68505,1.58704,22.22,1556
3.68505,1.58704,22.21,1557
3.68270,1.58704,22.22,1558
3.68270,1.58704,22.23,1559
3.68270,1.58704,22.22,1560
3.68270,1.58704,22.23,1561
3.68270,1.58704,22.23,1562
3.68034,1.58940,22.24,1563
3.67563,1.58940,22.23,1564
3.68505,1.58940,22.23,1565
3.68034,1.58940,22.25,1566
3.68505,1.58940,22.25,1567
3.68270,1.58940,22.27,1568
3.68505,1.58704,22.26,1569
3.68741,1.58704,22.27,1570
3.67799,1.58940,22.27,1571
3.67563,1.58704,22.29,1572
3.67799,1.58940,22.30,1573
3.68270,1.58704,22.29,1574
3.68505,1.58704,22.30,1575
3.68741,1.58704,22.32,1576
3.68505,1.58940,22.30,1577
3.69212,1.58469,22.32,1578
3.68741,1.58704,22.32,1579
3.68976,1.58704,22.32,1580
3.68976,1.58704,22.32,1581
3.68505,1.59175,22.32,1582
3.69447,1.58704,22.33,1583
3.68741,1.58704,22.34,1584
3.68976,1.58469,22.34,1585
3.69212,1.58704,22.34,1586
3.68741,1.58704,22.34,1587
3.68741,1.58704,22.36,1588
3.68741,1.58704,22.36,1589
3.68034,1.58940,22.36,1590
3.68034,1.58704,22.37,1591
3.67799,1.58704,22.38,1592
3.67799,1.58940,22.38,1593
3.67799,1.58469,22.37,1594
3.68505,1.58704,22.38,1595
3.68270,1.58940,22.40,1596
3.68034,1.58940,22.40,1597
3.68034,1.58704,22.40,1598
3.67799,1.58940,22.40,1599
3.67799,1.58940,22.41,1600
3.67563,1.58704,22.43,1601
3.67799,1.58940,22.42,1602
3.67799,1.58940,22.43,1603
3.68034,1.58940,22.42,1604
3.68270,1.58940,22.43,1605
3.68034,1.58940,22.44,1606
3.68034,1.58704,22.45,1607
3.68270,1.58940,22.45,1608
3.68741,1.58704,22.46,1609
3.68505,1.58704,22.46,1610
3.68270,1.58704,22.47,1611
3.68034,1.58940,22.47,1612
3.68741,1.58704,22.46,1613
3.68270,1.58940,22.48,1614
3.68034,1.58940,22.47,1615
3.68270,1.58704,22.48,1616
3.68270,1.58704,22.48,1617
3.68270,1.58704,22.48,1618
3.68976,1.58469,22.48,1619
3.69212,1.58469,22.50,1620
3.69212,1.58704,22.48,1621
3.68505,1.58704,22.49,1622
3.68505,1.58704,22.50,1623
3.68976,1.58704,22.50,1624
3.68741,1.58704,22.52,1625
3.68741,1.58469,22.52,1626
3.69918,1.58704,22.53,1627
3.69212,1.58704,22.54,1628
3.68976,1.58704,22.55,1629
3.69682,1.58469,22.55,1630
3.69682,1.58704,22.55,1631
3.70153,1.58469,22.55,1632
3.70624,1.58234,22.55,1633
3.70389,1.58234,22.56,1634
3.70153,1.58469,22.56,1635
3.70153,1.58704,22.55,1636
3.70389,1.58234,22.55,1637
3.70153,1.58469,22.56,1638
3.70389,1.58234,22.55,1639
3.70624,1.58234,22.55,1640
3.70389,1.58469,22.57,1641
3.70389,1.58469,22.56,1642
3.69447,1.58940,22.58,1643
3.70860,1.58469,22.59,1644
3.70389,1.58469,22.59,1645
3.70153,1.58234,22.59,1646
3.70153,1.58469,22.59,1647
3.70624,1.58234,22.59,1648
3.70624,1.58469,22.59,1649
3.71802,1.58234,22.61,1650
3.69682,1.58704,22.62,1651
3.70389,1.58234,22.62,1652
3.70860,1.58234,22.63,1653
3.71095,1.58234,22.64,1654
3.70860,1.58469,22.64,1655
3.70624,1.58234,22.63,1656
3.69918,1.58469,22.62,1657
3.70153,1.58469,22.63,1658
3.70389,1.58469,22.64,1659
3.70153,1.58469,22.65,1660
3.70624,1.58469,22.65,1661
3.70860,1.58234,22.66,1662
3.70624,1.58469,22.66,1663
3.70624,1.58704,22.66,1664
3.70624,1.58469,22.66,1665
3.70624,1.58234,22.67,1666
3.70860,1.58469,22.68,1667
3.71095,1.58234,22.69,1668
3.71095,1.58234,22.70,1669
3.70860,1.58234,22.70,1670
3.71331,1.57998,22.70,1671
3.71331,1.58234,22.69,1672
3.71331,1.58234,22.69,1673
3.71095,1.58234,22.70,1674
3.71095,1.57998,22.70,1675
3.71566,1.58234,22.70,1676
3.71331,1.58234,22.70,1677
3.72273,1.57998,22.71,1678
3.72273,1.57998,22.72,1679
3.72037,1.57998,22.73,1680
3.71802,1.58234,22.73,1681
3.71802,1.57998,22.73,1682
3.72273,1.57998,22.75,1683
3.72273,1.57998,22.75,1684
3.71566,1.58234,22.76,1685
3.72744,1.57763,22.76,1686
3.74156,1.57998,22.76,1687
3.72273,1.57998,22.75,1688
3.72273,1.57998,22.76,1689
3.72508,1.57998,22.76,1690
3.72037,1.58234,22.75,1691
3.72273,1.57998,22.74,1692
3.72508,1.57998,22.76,1693
3.72273,1.57998,22.76,1694
3.71802,1.57998,22.77,1695
3.71095,1.58469,22.77,1696
3.71566,1.58234,22.76,1697
3.71331,1.58234,22.77,1698
3.72273,1.57998,22.77,1699
3.72744,1.57763,22.77,1700
3.72508,1.57763,22.78,1701
3.72273,1.58234,22.79,1702
3.72273,1.57998,22.80,1703
3.72037,1.57998,22.80,1704
3.72508,1.57998,22.80,1705
3.72744,1.57998,22.81,1706
3.72744,1.58234,22.80,1707
3.72979,1.57998,22.80,1708
3.72273,1.57998,22.82,1709
3.72508,1.57998,22.80,1710
3.73685,1.57998,22.81,1711
3.72508,1.57998,22.81,1712
3.72273,1.57998,22.82,1713
3.72508,1.57763,22.83,1714
3.73450,1.57763,22.84,1715
3.73921,1.57763,22.84,1716
3.73921,1.57763,22.85,1717
3.73450,1.57763,22.85,1718
3.74863,1.57763,22.84,1719
3.73214,1.57763,22.84,1720
3.73214,1.57998,22.86,1721
3.72979,1.57998,22.86,1722
3.73214,1.57763,22.85,1723
3.72744,1.57998,22.85,1724
3.73214,1.57998,22.84,1725
3.73450,1.57763,22.85,1726
3.72508,1.57998,22.85,1727
3.72744,1.57998,22.87,1728
3.73450,1.57763,22.87,1729
3.73685,1.57763,22.88,1730
3.73921,1.57763,22.88,1731
3.73685,1.57763,22.89,1732
3.73685,1.57763,22.89,1733
3.73450,1.57763,22.90,1734
3.73685,1.57763,22.90,1735
3.73450,1.57763,22.89,1736
3.73214,1.57998,22.88,1737
3.73450,1.57763,22.91,1738
3.73685,1.58234,22.91,1739
3.73685,1.57527,22.91,1740
3.73685,1.57763,22.91,1741
3.73921,1.57763,22.91,1742
3.74156,1.57763,22.91,1743
3.73921,1.57763,22.92,1744
3.73921,1.57763,22.94,1745
3.73685,1.57763,22.93,1746
3.73685,1.57763,22.95,1747
3.73921,1.57763,22.95,1748
3.74392,1.57527,22.95,1749
3.74392,1.57527,22.96,1750
3.74392,1.57527,22.95,1751
3.74392,1.57527,22.96,1752
3.74627,1.57527,22.95,1753
3.74627,1.57527,22.95,1754
3.75098,1.57763,22.96,1755
3.74863,1.57527,22.96,1756
3.74627,1.57527,22.96,1757
3.75098,1.57527,22.98,1758
3.74627,1.57527,22.98,1759
3.75098,1.57527,22.97,1760
3.75098,1.57292,22.98,1761
3.75334,1.57292,22.98,1762
3.75334,1.57527,22.98,1763
3.75569,1.57292,22.99,1764
3.75569,1.57292,23.01,1765
3.76040,1.57292,23.00,1766
3.75334,1.57527,23.01,1767
3.75569,1.57292,23.01,1768
3.75098,1.57527,23.02,1769
3.75098,1.57292,23.02,1770
3.75805,1.57292,23.02,1771
3.76040,1.57292,23.02,1772
3.75098,1.57527,23.02,1773
3.75569,1.57527,23.02,1774
3.75805,1.57292,23.03,1775
3.76040,1.57527,23.02,1776
3.76276,1.57292,23.04,1777
3.76511,1.57292,23.04,1778
3.76276,1.57292,23.05,1779
3.76511,1.57527,23.05,1780
3.76276,1.57292,23.05,1781
3.76040,1.57292,23.05,1782
3.76040,1.57292,23.05,1783
3.75569,1.57292,23.06,1784
3.76040,1.57292,23.05,1785
3.76040,1.57292,23.05,1786
3.76276,1.57056,23.06,1787
3.76511,1.57292,23.07,1788
3.76511,1.57056,23.09,1789
3.76982,1.57056,23.09,1790
3.76276,1.57292,23.09,1791
3.76982,1.57056,23.09,1792
3.76982,1.57056,23.09,1793
3.77217,1.57056,23.09,1794
3.76982,1.57056,23.11,1795
3.76982,1.57292,23.09,1796
3.76982,1.57292,23.10,1797
3.78395,1.57292,23.11,1798
3.76982,1.57292,23.10,1799
3.76746,1.57056,23.11,1800
3.76511,1.57292,23.11,1801
3.77688,1.57292,23.12,1802
3.77688,1.56821,23.12,1803
3.76982,1.57056,23.12,1804
3.76746,1.57292,23.13,1805
3.76746,1.57292,23.13,1806
3.77924,1.57056,23.14,1807
3.76511,1.57056,23.14,1808
3.77217,1.56821,23.14,1809
3.77924,1.56821,23.16,1810
3.77453,1.56821,23.16,1811
3.77688,1.57056,23.16,1812
3.77217,1.56821,23.18,1813
3.77453,1.56821,23.18,1814
3.77924,1.56821,23.18,1815
3.77924,1.56821,23.18,1816
3.78630,1.56585,23.19,1817
3.78630,1.56585,23.19,1818
3.78395,1.56585,23.20,1819
3.78395,1.56350,23.20,1820
3.77688,1.56585,23.20,1821
3.77924,1.56585,23.20,1822
3.78395,1.56585,23.20,1823
3.78866,1.56350,23.22,1824
3.79101,1.56350,23.22,1825
3.78630,1.56585,23.23,1826
3.78630,1.56821,23.23,1827
3.78866,1.56585,23.23,1828
3.79572,1.56350,23.23,1829
3.79572,1.56350,23.23,1830
3.79572,1.56350,23.25,1831
3.79337,1.56350,23.25,1832
